{"cameraMode":{"drawMode":0,"name":"Shaded","section":"Shading Mode"},"sceneLighting":false,"audioPlay":false,"sceneViewState":{"showFog":true,"showMaterialUpdate":false,"showSkybox":false,"showFlares":true,"showImageEffects":true,"showParticleSystems":true},"in2DMode":false,"pivot":{"x":-0.952668309211731,"y":1.2723150253295899,"z":-0.373046875},"rotation":{"x":-0.09667668491601944,"y":0.14044974744319917,"z":-0.01378132589161396,"w":-0.9852607250213623},"size":5.42436408996582,"orthographic":false}